{
	"name": "vvv-phpunit",
	"description": "VVV Global Composer packages",
	"require": {
		"phpunit/phpunit": "3.7.*",
		"mockery/mockery": "0.8.0",
		"hamcrest/hamcrest": "1.1.0"
	},
	"config": {
		"bin-dir": "/usr/local/bin/"
	},
	"repositories": [
		{
			"type": "package",
			"package": {
				"name": "hamcrest/hamcrest",
				"version": "1.1.0",
				"dist": {
					"type": "zip",
					"url": "https://hamcrest.googlecode.com/files/hamcrest-php-1.1.0.zip"
				},
				"include-path": ["Hamcrest-1.1.0/"],
				"autoload": {
					"psr-0": { "Hamcrest_": "Hamcrest-1.1.0/" },
					"files": ["Hamcrest-1.1.0/Hamcrest/Hamcrest.php"]
				}
			}
		}
	]
}
